Site_ID,Tipe_Action,Reason,Latitude_Target,Longitude_Target,Sector_Base_Target,Band_Rekomendasi,Arah_Azimuth,Jarak_ke_Site_meter,Jumlah_Grid_Lemah,Rata_Rata_RSRP,Geometry_Pancaran_Sektor_WKT
SDA380,Upgrade Band (Add Antenna/Module),Prioritas tambah band L2300 karena densitas pelanggan sangat tinggi.,-7.379015147,112.7627096,7,L2300,115,663.6,950,-105.8015368,"POLYGON ((112.758424 -7.374826, 112.7629530441039 -7.374826, 112.76293580972371 -7.37521812387629, 112.76288423774724 -7.3756072634531105, 112.76279872066834 -7.375990457143313, 112.76267990932364 -7.376364788611537, 112.76252870793918 -7.3767274089692805, 112.76234626724883 -7.377075558456665, 112.76213397573638 -7.377406587445876, 112.76189344906842 -7.377717976606421, 112.76162651779815 -7.378007356078768, 112.76133521343371 -7.3782725235104, 112.758424 -7.374826))"
SDA392,Upgrade Band (Add Antenna/Module),Menambahkan slot band yang tersedia: L1800.,-7.466333764,112.7146589,2,L1800,165,303.7,123,-105.7319791,"POLYGON ((112.716391 -7.46421, 112.71865598214754 -7.468106349541541, 112.71830544563613 -7.468287584693341, 112.71794033903745 -7.468437786963511, 112.71756344103319 -7.468555813222081, 112.71717762004474 -7.468640765217957, 112.71678581240276 -7.468691996415156, 112.716391 -7.468709116913332, 112.716391 -7.46421))"
PSN047,Upgrade Band (Add Antenna/Module),Menambahkan slot band yang tersedia: L1800.,-7.654124139,112.7006054,2,L1800,190,574.6,108,-105.8758455,"POLYGON ((112.699947 -7.648998, 112.70034198135642 -7.6534799964151565, 112.699947 -7.653497116913332, 112.69955201864357 -7.6534799964151565, 112.69916004333378 -7.653428765217957, 112.69877405723939 -7.653343813222081, 112.69839699794765 -7.653225786963511, 112.69803173510745 -7.653075584693341, 112.699947 -7.648998))"
SDA387,Upgrade Band (Add Antenna/Module),Prioritas tambah band L2300 karena densitas pelanggan sangat tinggi.,-7.449002795,112.6849331,3,L2300,325,418.9,83,-105.7346003,"POLYGON ((112.68699 -7.45217, 112.68351994148394 -7.449278023393578, 112.68378691964368 -7.448988643921232, 112.684078275179 -7.448723476489599, 112.68439179069837 -7.448484539182949, 112.68472508015937 -7.448273650458458, 112.68507560702794 -7.448092415306658, 112.68544070358297 -7.447942213036488, 112.68699 -7.45217))"
SDA398,Upgrade Band (Add Antenna/Module),Menambahkan slot band yang tersedia: L1800.,-7.38187475,112.7204133,2,L1800,180,758.1,60,-105.7164397,"POLYGON ((112.7242 -7.376184, 112.7253722064665 -7.380529813222082, 112.72498646266807 -7.380614765217958, 112.72459473341384 -7.380665996415157, 112.7242 -7.380683116913333, 112.72380526658615 -7.380665996415157, 112.72341353733192 -7.380614765217958, 112.72302779353349 -7.380529813222082, 112.7242 -7.376184))"
PSN008,Upgrade Band (Add Antenna/Module),Menambahkan slot band yang tersedia: L1800.,-7.653846105,112.9049911,1,L1800,100,491.4,57,-105.7244047,"POLYGON ((112.901286 -7.651387, 112.90580068284733 -7.650994876123709, 112.90581792820237 -7.651387, 112.90580068284733 -7.65177912387629, 112.90574907802979 -7.6521682634531105, 112.90566350649355 -7.652551457143313, 112.9055446194897 -7.652925788611537, 112.9053933218201 -7.6532884089692805, 112.901286 -7.651387))"
PSN435,Upgrade Band (Add Antenna/Module),Prioritas tambah band L2300 karena densitas pelanggan sangat tinggi.,-7.654546,112.682682,3,L2300,280,473.2,30,-105.3522016,"POLYGON ((112.686822 -7.653418, 112.68230729565043 -7.653810123876291, 112.68229005021325 -7.653418, 112.68230729565043 -7.65302587612371, 112.68235890071375 -7.6526367365468895, 112.68244447265754 -7.652253542856687, 112.68256336022762 -7.651879211388463, 112.68271465861781 -7.6515165910307195, 112.686822 -7.653418))"
SDA684,Upgrade Band (Add Antenna/Module),Menambahkan slot band yang tersedia: L1800.,-7.410814,112.729683,1,L1800,80,602.2,28,-105.257509,"POLYGON ((112.725273 -7.407619, 112.72937801270695 -7.40571759103072, 112.72952922531785 -7.406080211388463, 112.72964804548411 -7.406454542856687, 112.72973356891251 -7.40683773654689, 112.72978514471811 -7.40722687612371, 112.7298023803779 -7.407619, 112.72978514471811 -7.408011123876291, 112.725273 -7.407619))"
SDA443,Upgrade Band (Add Antenna/Module),Prioritas tambah band L2300 karena densitas pelanggan sangat tinggi.,-7.4727725,112.708569,1,L2300,100,389.5,20,-105.2563531,"POLYGON ((112.70639 -7.47553, 112.71090284331726 -7.47513787612371, 112.71092008164558 -7.47553, 112.71090284331726 -7.47592212387629, 112.71085125952635 -7.476311263453111, 112.71076572285668 -7.476694457143314, 112.71064688429392 -7.477068788611537, 112.7104956482713 -7.477431408969281, 112.70639 -7.47553))"
PSN144,Upgrade Band (Add Antenna/Module),Prioritas tambah band L2300 karena densitas pelanggan sangat tinggi.,-7.577265,112.7344895,3,L2300,350,311.5,20,-106.0484962,"POLYGON ((112.735 -7.58002, 112.73308504333298 -7.575942415306659, 112.73345024739106 -7.575792213036489, 112.73382724600226 -7.575674186777919, 112.73421316997953 -7.575589234782043, 112.73460508220833 -7.575538003584843, 112.735 -7.575520883086668, 112.73539491779167 -7.575538003584843, 112.735 -7.58002))"
PSN022,Upgrade Band (Add Antenna/Module),Menambahkan slot band yang tersedia: L1800.,-7.687724111,112.6411629,1,L1800,50,992.8,18,-105.7891582,"POLYGON ((112.634593 -7.693834, 112.63719266667461 -7.690148539182949, 112.63750635804934 -7.690387476489599, 112.63779787701017 -7.690652643921232, 112.63806500492181 -7.690942023393578, 112.63830570877954 -7.691253412554124, 112.63851815668166 -7.691584441543334, 112.63870073177135 -7.691932591030719, 112.634593 -7.693834))"
PSN026,Upgrade Band (Add Antenna/Module),Menambahkan slot band yang tersedia: L1800.,-7.699594,112.632694,2,L1800,130,375.6,16,-105.8059049,"POLYGON ((112.629949 -7.697592, 112.63405676817854 -7.699493408969281, 112.63387419147067 -7.699841558456666, 112.6336617416856 -7.700172587445876, 112.6334210356945 -7.700483976606422, 112.63315390541528 -7.700773356078768, 112.63286238387069 -7.701038523510401, 112.63254868971568 -7.701277460817051, 112.629949 -7.697592))"
SDA025,Upgrade Band (Add Antenna/Module),Menambahkan slot band yang tersedia: L1800.,-7.409963,112.761784,2,L1800,160,880.8,16,-105.0014899,"POLYGON ((112.761214 -7.402062, 112.763478661643 -7.4059583495415415, 112.76312817473399 -7.406139584693341, 112.76276311979944 -7.406289786963511, 112.76238627512785 -7.406407813222081, 112.76200050873467 -7.4064927652179575, 112.76160875653514 -7.406543996415157, 112.761214 -7.406561116913332, 112.761214 -7.402062))"
SBY338,Upgrade Band (Add Antenna/Module),Menambahkan slot band yang tersedia: L1800.,-7.355146,112.7635,3,L1800,340,430.4,15,-105.038414,"POLYGON ((112.763943 -7.358992, 112.76134533983891 -7.355306539182949, 112.76167855885802 -7.355095650458458, 112.76202901164153 -7.354914415306658, 112.76239403103213 -7.354764213036488, 112.76277083901188 -7.354646186777918, 112.76315656784452 -7.354561234782042, 112.76354828190073 -7.354510003584843, 112.763943 -7.358992))"
MJO083,Upgrade Band (Add Antenna/Module),Prioritas tambah band L2300 karena densitas pelanggan sangat tinggi.,-7.490984,112.420864,7,L2300,270,426.9,15,-105.3945618,"POLYGON ((112.424485 -7.492345, 112.42010910844154 -7.493509457143314, 112.42002356847406 -7.493126263453111, 112.41997198269439 -7.4927371238762905, 112.41995474370147 -7.492345, 112.41997198269439 -7.49195287612371, 112.42002356847406 -7.4915637365468895, 112.42010910844154 -7.491180542856687, 112.424485 -7.492345))"
MJO138,Upgrade Band (Add Antenna/Module),Menambahkan slot band yang tersedia: L1800.,-7.666251,112.604542,3,L1800,330,840.8,15,-105.4578814,"POLYGON ((112.611037 -7.670218, 112.60783230116593 -7.667036643921232, 112.60812380391968 -7.6667714764896, 112.60843747785465 -7.666532539182949, 112.60877093572277 -7.666321650458459, 112.60912163970832 -7.666140415306659, 112.60948692074223 -7.665990213036489, 112.60986399881526 -7.665872186777919, 112.611037 -7.670218))"
PSN153,Upgrade Band (Add Antenna/Module),Menambahkan slot band yang tersedia: L1800.,-7.710481,112.714062,3,L1800,345,994.3,15,-106.1075167,"POLYGON ((112.7155 -7.719309, 112.71323367337865 -7.715412650458458, 112.7135844179655 -7.715231415306659, 112.71394974128829 -7.7150812130364885, 112.71432686301596 -7.7149631867779185, 112.71471291302441 -7.714878234782042, 112.71510495324002 -7.714827003584843, 112.7155 -7.714809883086668, 112.7155 -7.719309))"
SBY566,Upgrade Band (Add Antenna/Module),Menambahkan slot band yang tersedia: L1800.,-7.374214,112.737751,3,L1800,310,544.5,15,-105.2046324,"POLYGON ((112.741557 -7.377333, 112.73745226881061 -7.375431591030719, 112.73763471053437 -7.375083441543334, 112.7378470032493 -7.374752412554124, 112.73808753127966 -7.374441023393579, 112.7383544640619 -7.374151643921232, 112.73864577007639 -7.3738864764895995, 112.73895923230843 -7.373647539182949, 112.741557 -7.377333))"
SDA556,Upgrade Band (Add Antenna/Module),Menambahkan slot band yang tersedia: L2100.,-7.404175,112.773457,2,L2100,60,553.9,14,-105.049639,"POLYGON ((112.768487 -7.403453, 112.77286200413758 -7.402288542856686, 112.77294752675773 -7.402671736546889, 112.77299910207593 -7.4030608761237096, 112.77301633757284 -7.403453, 112.77299910207593 -7.40384512387629, 112.77294752675773 -7.404234263453111, 112.77286200413758 -7.404617457143313, 112.768487 -7.403453))"
MJO142,Upgrade Band (Add Antenna/Module),Menambahkan slot band yang tersedia: L1800.,-7.654001,112.601452,2,L1800,210,733.5,13,-105.3925334,"POLYGON ((112.6081 -7.65432, 112.60692704260221 -7.658665813222082, 112.60654997860514 -7.658547786963512, 112.60618471120681 -7.658397584693342, 112.60583402031268 -7.658216349541542, 112.60550057489222 -7.658005460817051, 112.60518691266638 -7.657766523510401, 112.60489542079414 -7.657501356078768, 112.6081 -7.65432))"
SDA382,Upgrade Band (Add Antenna/Module),Prioritas tambah band L2300 karena densitas pelanggan sangat tinggi.,-7.439582,112.687969,1,L2300,10,472.1,13,-105.0602352,"POLYGON ((112.688583 -7.443784, 112.68818820601207 -7.439302003584843, 112.688583 -7.439284883086668, 112.68897779398792 -7.439302003584843, 112.6893695833552 -7.439353234782042, 112.68975538634821 -7.4394381867779185, 112.6901322667732 -7.4395562130364885, 112.69049735634258 -7.4397064153066585, 112.688583 -7.443784))"
SDA420,Upgrade Band (Add Antenna/Module),Menambahkan slot band yang tersedia: L2100.,-7.471241,112.721615,1,L2100,95,561.5,13,-105.0435388,"POLYGON ((112.716707 -7.469891, 112.72116820193438 -7.469109736546889, 112.72121978505938 -7.469498876123709, 112.72123702316516 -7.469891, 112.72121978505938 -7.47028312387629, 112.72116820193438 -7.47067226345311, 112.72108266636891 -7.471055457143313, 112.72096382934029 -7.471429788611537, 112.716707 -7.469891))"
,,,,,,,,,, ,
